{
	"name": "custom-journal",
	"title": "Custom Journal",
	"description": "A custom take on the appearance of journal entries.",
	"version": "1.0.1",
	"author": "Sanyella",
	"scripts": [],
	"styles": [
		"styles/dark-slate-journal.css",
		"styles/handwritten-letter.css",
		"styles/royal-journal.css",
		"fonts/Anglo-text/stylesheet.css",
		"fonts/Lovers-Quarrel/stylesheet.css"
	],
	"esmodules": [
		"scripts/custom-journal.js"
	],
	"packs": [],
	"url": "https://github.com/Sanyella/FVTT-Custom-Journal-Theming",
	"manifest": "https://raw.githubusercontent.com/Sanyella/FVTT-Custom-Journal-Theming/master/module.json",
	"download": "https://github.com/Sanyella/FVTT-Custom-Journal-Theming/raw/master/custom-journal.zip",
	"bugs": "https://github.com/Sanyella/FVTT-Custom-Journal-Theming/issues",
	"compatibleCoreVersion": "0.6.5",
	"minimumCoreVersion": "0.6.5"
}